Time,User,Tweet
2023-04-17T08:30:48.000Z,1519017314028593155,"#CADCHF ALL targets hit! 70 pips profitâœ…ğŸ¯

Join our FREE telegram channel. Link in the bio.

#xauusd #eurusd #eurjpy #usdcad #usdjpy #gbpusd #forexsignals #forextrading #eth #nfts #crypto #tsla #aapl #spy #nasdaq #dji #spx https://t.co/OijMR4wmDF"
2023-04-17T08:30:26.000Z,1486994027979620353,"RT @lastadam: $TSLA #TSLA 4/21 4DTE 68% Probability of Market Maker Move = 171.2-198.8 based on tonight's options premiums @ 93.28% IV. 

gâ€¦"
2023-04-17T08:30:25.000Z,49357636,"RT @Gusfrin92486024: ã‚¹ãƒšãƒ¼ã‚¹Xã®ã‚¹ã‚¿ãƒ¼ã‚·ãƒƒãƒ—é£›è¡Œãƒ†ã‚¹ãƒˆã€æœ¬æ—¥20æ™‚ã™ãã‚ˆã‚Šå…¬å¼ãƒ©ã‚¤ãƒ–ä¸­ç¶™é–‹å§‹
https://t.co/6SAxBBcKJh

ã‚¹ãƒšãƒ¼ã‚¹ã‚·ãƒ£ãƒˆãƒ«ã¨æ ¹æœ¬çš„ãªé•ã„ã¯ã‚¹ã‚¿ãƒ¼ã‚·ãƒƒãƒ—ã¯ç«æ˜Ÿã§éƒ½å¸‚ã‚’ä½œã‚‹ã“ã¨ã‚’ç›®çš„ã«è¨­è¨ˆã•ã‚Œã¦ã„ã‚‹ãŸã‚ã€100ãƒˆãƒ³ä»¥ä¸Šã®ç©â€¦"
2023-04-17T08:30:08.000Z,2598547074,"Tesla pre-market     
#TSLA $TSLA 186.39$ +0.75% https://t.co/Qu8E5jjvhn"
2023-04-17T08:29:34.000Z,1470307035120279552,"Get ready for an exciting week of earnings releases featuring top companies such as Tesla #TSLA, Charles Schwab #SCHW, Bank of America #BAC, Netflix #NFLX, Johnson &amp; Johnson #JNJ, M&amp;T Bank #MTB, Goldman Sachs #GS, State Street #STT, Lockheed Martin #LMT, and TSMC #TSM. https://t.co/4KRsp6mWGs"
2023-04-17T08:23:50.000Z,1397292431704461315,"RT @adamtaha_: Get ahead with the weekly market outlook for the week beginning April 17th 2023 
#stockstowatch #earnings #tsla #gs #nflx #sâ€¦"
2023-04-17T08:23:39.000Z,969039911004368896,RT @Businesblog5: Tesla Model 3 project breaks record https://t.co/YCvbQhZFsC @Tesla #TSLA https://t.co/KCwHKxAOS1
2023-04-17T08:23:03.000Z,1357701211374387204,"RT @ins_hea: ğŸ”´#VeilleINSHEA ğŸ”´ Le bulletin de veille Troubles spÃ©cifiques du #langage et des apprentissages est disponible !
(#dyslexie, #dyâ€¦"
2023-04-17T08:21:59.000Z,406942105,"RT @Gusfrin92486024: ã‚¹ãƒšãƒ¼ã‚¹Xã®ã‚¹ã‚¿ãƒ¼ã‚·ãƒƒãƒ—é£›è¡Œãƒ†ã‚¹ãƒˆã€æœ¬æ—¥20æ™‚ã™ãã‚ˆã‚Šå…¬å¼ãƒ©ã‚¤ãƒ–ä¸­ç¶™é–‹å§‹
https://t.co/6SAxBBcKJh

ã‚¹ãƒšãƒ¼ã‚¹ã‚·ãƒ£ãƒˆãƒ«ã¨æ ¹æœ¬çš„ãªé•ã„ã¯ã‚¹ã‚¿ãƒ¼ã‚·ãƒƒãƒ—ã¯ç«æ˜Ÿã§éƒ½å¸‚ã‚’ä½œã‚‹ã“ã¨ã‚’ç›®çš„ã«è¨­è¨ˆã•ã‚Œã¦ã„ã‚‹ãŸã‚ã€100ãƒˆãƒ³ä»¥ä¸Šã®ç©â€¦"
2023-04-17T08:19:10.000Z,1455535332737302537,Day 50: less is more #health #beards #buildabeard #trending #viral #beachbody #TSLA #motivation #toughlovetim #fitness #spartan #bodi #timspiration #dadbod #dad #oracleinvestments #yoga #financialfreedom #hiking https://t.co/IWCV2R6gcJ
2023-04-17T08:18:59.000Z,3050163533,RT @Businesblog5: Tesla Model 3 project breaks record https://t.co/YCvbQhZFsC @Tesla #TSLA https://t.co/KCwHKxAOS1
2023-04-17T08:17:53.000Z,1227526160910671873,"#NZDJPY ALL targets hit! 180 pips profitğŸ¯

Join our FREE telegram channel. Link in the bio.

#xauusd #eurusd #eurjpy #usdcad #usdjpy #gbpusd #amzn #qqq #goog #tsla #aapl #spy #forextrading #msft #nvda #wmt #btc #bitcoin #nasdaq #dji #spx https://t.co/Iu31KBT1jX"
2023-04-17T08:12:45.000Z,3172066817,"What to watch in the markets this week?
Learn more from our #Saxostrats : https://t.co/5AivloHqoo

#saxohk #saxobeinvested #marketinsights #Fed #PMI #TSLA #NFLX https://t.co/OzHuxnX2sq"
2023-04-17T08:10:24.000Z,1230711875232391169,"#NZDJPY ALL targets hit! 180 pips profitğŸ¯

Join our FREE telegram channel. Link in the bio.

#xauusd #eurusd #eurjpy #usdcad #usdjpy #gbpusd #forextrading #eth #nfts #crypto #tsla #aapl #spy #nasdaq #dji #spx #msft #nvda #wmt https://t.co/WJmIz7C19f"
2023-04-17T08:03:57.000Z,1640606690788663297,"#NZDJPY ALL targets hit! 180 pips profitğŸ¯

Join our FREE telegram channel. Link in the bio.

#xauusd #eurusd #eurjpy #usdcad #usdjpy #gbpusd #usoil #crudeoil #msft #nvda #wmt #tsla #aapl #spy #forextrading #btc #bitcoin #nasdaq #dji #spx https://t.co/qh1lWooe1o"
2023-04-17T08:00:22.000Z,1110264693866807296,"RT @SERobinsonJr: My Starship brings all the Teslas to the yard.
Damn right.
It's better than... Anyway, a Tesla thread. 
Watch all of theâ€¦"
2023-04-17T08:00:00.000Z,1552633584388907009,"By 2025, more than 75% of new cars sold in Europe are projected to have some degree of electrification.

What will #TSLA 's market share be?ğŸ‘€

#2024Model3 #NewModel3 https://t.co/7J8G4a591w"
2023-04-17T07:57:43.000Z,1510660558068097032,"#EURUSD ALL targets hit! 150 pips profitğŸ¯

Join our FREE telegram channel. Link in the bio.

#xauusd #eurjpy #usdcad #usdjpy #gbpusd #forexsignals #usoil #crudeoil #amzn #qqq #goog #tsla #aapl #spy #forextrading https://t.co/ros6RO05zm"
2023-04-17T07:57:07.000Z,1646654350557687809,@SawyerMerritt Great idea for Tesla in order to make a great entry to the massive latin market! Imo Mexico will be a great and profitable market... #TSLA
2023-04-17T07:53:48.000Z,235718125,"RT @jayzpio: Reading #TSLA ğŸ”‹ğŸš— financial report with @LangChainAI ğŸ¦œâ›“ï¸ @streamlit  and Chatgpt

Fun weekend project, but ğŸ¤¯. Imagine no longerâ€¦"
2023-04-17T07:46:36.000Z,1472562519671775237,"RT @mrvuxxx: Soon Iâ€™ll be able to buy $1 of #TSLA @elonmusk ğŸ˜„ maybe $2. 

Team $SOLO #Sologenic #XRPL https://t.co/tU5bYG8JoL"
2023-04-17T07:43:13.000Z,1228621647629803520,"#EURJPY ALL targets hit smoothly! 270 pips profitâœ…ğŸ¯

Join our FREE telegram channel. Link in the bio.

#xauusd #eurusd #usdcad #usdjpy #gbpusd #forextrading #eth #nfts #crypto #tsla #aapl #spy #nasdaq #dji #spx #msft #nvda #wmt https://t.co/Ov10GDqtLf"
2023-04-17T07:39:41.000Z,221537332,"Breakout stocks for April 17th â†“

https://t.co/yPGkdua33x

#stockmarket #breakoutstocks #stocks #daytrading #COIN #TSLA"
2023-04-17T07:37:47.000Z,1514641357922570242,"#EURUSD ALL targets hit! 150 pips profitğŸ¯

Join our FREE telegram channel. Link in the bio.

#xauusd #eurjpy #usdcad #usdjpy #gbpusd #amzn #qqq #goog #tsla #aapl #spy #forextrading #eth #nfts #crypto #btc #bitcoin #nasdaq #dji #spx https://t.co/YBHVINifKh"
2023-04-17T07:30:06.000Z,1078801530,"RT @mrvuxxx: Soon Iâ€™ll be able to buy $1 of #TSLA @elonmusk ğŸ˜„ maybe $2. 

Team $SOLO #Sologenic #XRPL https://t.co/tU5bYG8JoL"
2023-04-17T07:24:53.000Z,1630804259246845953,"#GBPAUD ALL targets hit! 185 pips profitâœ…ğŸ¯

Join our FREE telegram channel. Link in the bio.

#xauusd #eurusd #eurjpy #usdcad #usdjpy #gbpusd #msft #nvda #wmt #tsla #aapl #spy #forextrading #usoil #crudeoil #btc #bitcoin #nasdaq #dji #spx https://t.co/Ld1nZhyA19"
2023-04-17T07:21:44.000Z,1391969563349299201,"A wave of price cuts by #Tesla #NASDAQ #TSLA is a ""warning"" for rival manufacturers of electric vehicles, the chief executive of French car maker Renault (EPA:RENA)'s flagship brand said on Monday."
2023-04-17T07:18:57.000Z,38840421,"RT @mrvuxxx: Soon Iâ€™ll be able to buy $1 of #TSLA @elonmusk ğŸ˜„ maybe $2. 

Team $SOLO #Sologenic #XRPL https://t.co/tU5bYG8JoL"
2023-04-17T07:17:04.000Z,1619434634944647170,"I'll be covering some of the stocks im looking on today:
#UBER $UBER
#BYND $BYND 
#TSLA $TSLA
#NVDA $NVDA https://t.co/oa8z1lew7J"
2023-04-17T07:12:59.000Z,1518654866574487555,"#CADCHF ALL targets hit! 70 pips profitâœ…ğŸ¯

Join our FREE telegram channel. Link in the bio.

#xauusd #eurusd #eurjpy #usdcad #usdjpy #gbpusd #tsla #aapl #spy #usoil #crudeoil #amzn #qqq #goog #forextrading #eth #nfts #crypto #btc #bitcoin https://t.co/Ui13pXnJTL"
2023-04-17T07:10:11.000Z,1532459874990407698,RT @Businesblog5: Tesla Cybertruck Owners Retain â€˜Intent to Buyâ€™ https://t.co/vy9IxRMnsn @Tesla #TSLA https://t.co/7BSc978koo
2023-04-17T07:10:00.000Z,1454807039222423554,RT @Businesblog5: Tesla Cybertruck Owners Retain â€˜Intent to Buyâ€™ https://t.co/vy9IxRMnsn @Tesla #TSLA https://t.co/7BSc978koo
2023-04-17T07:09:49.000Z,1357037977692758016,RT @Businesblog5: Tesla Cybertruck Owners Retain â€˜Intent to Buyâ€™ https://t.co/vy9IxRMnsn @Tesla #TSLA https://t.co/7BSc978koo
2023-04-17T07:09:36.000Z,1488878381454221315,RT @Businesblog5: Tesla Cybertruck Owners Retain â€˜Intent to Buyâ€™ https://t.co/vy9IxRMnsn @Tesla #TSLA https://t.co/7BSc978koo
2023-04-17T07:09:23.000Z,1351229750312886275,Tesla Cybertruck Owners Retain â€˜Intent to Buyâ€™ https://t.co/vy9IxRMnsn @Tesla #TSLA https://t.co/7BSc978koo
2023-04-17T07:06:29.000Z,995802800339726336,"RT @Karinar20002928: #NZDJPY ALL targets hit! 180 pips profitğŸ¯

Join our FREE telegram channel. Link in the bio.

#xauusd #eurusd #eurjpy #â€¦"
2023-04-17T07:06:27.000Z,995802800339726336,"RT @PanlopInthachot: #NZDJPY ALL targets hit! 180 pips profitğŸ¯

Join our FREE telegram channel. Link in the bio.

#xauusd #eurusd #eurjpy #â€¦"
2023-04-17T07:06:25.000Z,995802800339726336,"RT @QJPwUfBhFbCWj7Z: #GBPCAD ALL targets hit! 275 pips profitğŸ¯âœ…ğŸ”¥

Join our FREE telegram channel. Link in the bio.

#xauusd #eurusd #eurjpyâ€¦"
2023-04-17T07:06:24.000Z,995802800339726336,"RT @YTjSkwp8exBcdrj: #GBPAUD ALL targets hit! 185 pips profitâœ…ğŸ¯

Join our FREE telegram channel. Link in the bio.

#xauusd #eurusd #eurjpyâ€¦"
2023-04-17T07:05:33.000Z,1228298179356938245,"#GBPAUD ALL targets hit! 185 pips profitâœ…ğŸ¯

Join our FREE telegram channel. Link in the bio.

#xauusd #eurusd #eurjpy #usdcad #usdjpy #gbpusd #tsla #aapl #spy #forextrading #eth #nfts #crypto #amzn #qqq #goog #nasdaq #dji #spx #msft #nvda #wmt https://t.co/qwrgRSWCFW"
2023-04-17T07:04:46.000Z,163933734,"RT @ins_hea: ğŸ”´#VeilleINSHEA ğŸ”´ Le bulletin de veille Troubles spÃ©cifiques du #langage et des apprentissages est disponible !
(#dyslexie, #dyâ€¦"
2023-04-17T06:59:06.000Z,1230394534648926209,"#GBPCAD ALL targets hit! 275 pips profitğŸ¯âœ…ğŸ”¥

Join our FREE telegram channel. Link in the bio.

#xauusd #eurusd #eurjpy #usdcad #usdjpy #gbpusd #nasdaq #dji #spx #amzn #qqq #goog #forexsignals #forextrading #eth #nfts #crypto #tsla #aapl #spy https://t.co/5wYBvEhd65"
2023-04-17T06:56:35.000Z,766920910741737472,"RT @ins_hea: ğŸ”´#VeilleINSHEA ğŸ”´ Le bulletin de veille Troubles spÃ©cifiques du #langage et des apprentissages est disponible !
(#dyslexie, #dyâ€¦"
2023-04-17T06:51:40.000Z,1227379492605190144,"#NZDJPY ALL targets hit! 180 pips profitğŸ¯

Join our FREE telegram channel. Link in the bio.

#xauusd #eurusd #eurjpy #usdcad #usdjpy #gbpusd #nasdaq #dji #spx #forextrading #amzn #qqq #goog #forexsignals #eth #nfts #crypto #tsla #aapl #spy https://t.co/9GOxu6KQgF"
2023-04-17T06:50:50.000Z,134153752,"RT @jayzpio: Reading #TSLA ğŸ”‹ğŸš— financial report with @LangChainAI ğŸ¦œâ›“ï¸ @streamlit  and Chatgpt

Fun weekend project, but ğŸ¤¯. Imagine no longerâ€¦"
2023-04-17T06:48:24.000Z,336373376,"RT @jayzpio: Reading #TSLA ğŸ”‹ğŸš— financial report with @LangChainAI ğŸ¦œâ›“ï¸ @streamlit  and Chatgpt

Fun weekend project, but ğŸ¤¯. Imagine no longerâ€¦"
2023-04-17T06:46:07.000Z,1639156324339531777,"Today #profit made by #client
Join now for services https://t.co/6HtpUV4x5k
https://t.co/Ut4skZ8Ysq

#xauusd #eurusd #usdcad #usdjpy #gbpusd #forexsignals #msft #nvda #wmt #tsla #aapl #spy #usoil #crudeoil https://t.co/Gx99ksMEL2"
2023-04-17T06:45:11.000Z,1589007443853340672,"RT @jayzpio: Reading #TSLA ğŸ”‹ğŸš— financial report with @LangChainAI ğŸ¦œâ›“ï¸ @streamlit  and Chatgpt

Fun weekend project, but ğŸ¤¯. Imagine no longerâ€¦"
2023-04-17T06:44:10.000Z,1229084237967613953,"#NZDJPY ALL targets hit! 180 pips profitğŸ¯

Join our FREE telegram channel. Link in the bio.

#xauusd #eurusd #eurjpy #usdcad #usdjpy #gbpusd #eth #nfts #crypto #tsla #aapl #spy #nasdaq #dji #spx #msft #nvda #wmt #btc #bitcoin https://t.co/pqrWPDtVdO"
2023-04-17T06:43:43.000Z,1508706212942077962,"Hype machine lowers expectations just before reality bites:

#SpaceKaren #TSLA #TSLAQ

https://t.co/e6r0YSrMNk"
2023-04-17T06:40:00.000Z,1550281348669067264,"RT @lastadam: $TSLA #TSLA 4/21 4DTE 68% Probability of Market Maker Move = 171.2-198.8 based on tonight's options premiums @ 93.28% IV. 

gâ€¦"
2023-04-17T06:39:31.000Z,1304890491402678273,"RT @lastadam: $TSLA #TSLA 4/21 4DTE 68% Probability of Market Maker Move = 171.2-198.8 based on tonight's options premiums @ 93.28% IV. 

gâ€¦"
2023-04-17T06:34:17.000Z,1264295756388761600,"@elonmusk why is it when #TSLA cars makes accidents itâ€™s all over the news, as of no other car brands have accidents too . Thatâ€™s a direct attack on the company"
2023-04-17T06:33:16.000Z,2348915797,"RT @SuperLuckeee: Where are they getting this information? itâ€™s wrong pertaining to megacaps. No wonder people are so confused.

If you watâ€¦"
2023-04-17T06:32:41.000Z,1538128842145120257,"RT @mrvuxxx: Soon Iâ€™ll be able to buy $1 of #TSLA @elonmusk ğŸ˜„ maybe $2. 

Team $SOLO #Sologenic #XRPL https://t.co/tU5bYG8JoL"
2023-04-17T06:31:17.000Z,1513215005306634245,"#EURJPY ALL targets hit smoothly! 270 pips profitâœ…ğŸ¯

Join our FREE telegram channel. Link in the bio.

#xauusd #eurusd #usdcad #usdjpy #gbpusd #forexsignals #msft #nvda #wmt #btc #bitcoin #tsla #aapl #spy #usoil #crudeoil https://t.co/OaOfzrWrkr"
2023-04-17T06:30:27.000Z,27489567,"RT @Gusfrin92486024: ã‚¹ãƒšãƒ¼ã‚¹Xã®ã‚¹ã‚¿ãƒ¼ã‚·ãƒƒãƒ—é£›è¡Œãƒ†ã‚¹ãƒˆã€æœ¬æ—¥20æ™‚ã™ãã‚ˆã‚Šå…¬å¼ãƒ©ã‚¤ãƒ–ä¸­ç¶™é–‹å§‹
https://t.co/6SAxBBcKJh

ã‚¹ãƒšãƒ¼ã‚¹ã‚·ãƒ£ãƒˆãƒ«ã¨æ ¹æœ¬çš„ãªé•ã„ã¯ã‚¹ã‚¿ãƒ¼ã‚·ãƒƒãƒ—ã¯ç«æ˜Ÿã§éƒ½å¸‚ã‚’ä½œã‚‹ã“ã¨ã‚’ç›®çš„ã«è¨­è¨ˆã•ã‚Œã¦ã„ã‚‹ãŸã‚ã€100ãƒˆãƒ³ä»¥ä¸Šã®ç©â€¦"
2023-04-17T06:29:29.000Z,1061650783333040129,"Where are they getting this information? itâ€™s wrong pertaining to megacaps. No wonder people are so confused.

If you watch my YouTube I covered all the PE levels for every recent major correction since 1995.

#spy #tsla #googl #meta #aapl #msft

2022 Market Correction -2023 Bullâ€¦ https://t.co/wcNn34Qav4 https://t.co/i7K5RzzUvn https://t.co/jye5vz2nkX"
2023-04-17T06:28:57.000Z,2239171160,âš ï¸ğŸ‡ºğŸ‡¸#tsla after a report on supply for 1 sq. https://t.co/HIWDVsjSAP
2023-04-17T06:27:26.000Z,1061650783333040129,"Where are they getting this information? itâ€™s wrong pertaining to megacaps. No wonder people are so confused.
#spy #tsla #googl #meta #aapl #msft

2022 Market Correction -2023 Bull Run!!!
https://t.co/kTLdcSXfuj https://t.co/1dJyvE9Wie https://t.co/VYdHj7M83G https://t.co/jye5vz2nkX"
2023-04-17T06:26:20.000Z,4923733461,"RT @mrvuxxx: Soon Iâ€™ll be able to buy $1 of #TSLA @elonmusk ğŸ˜„ maybe $2. 

Team $SOLO #Sologenic #XRPL https://t.co/tU5bYG8JoL"
2023-04-17T06:26:05.000Z,932911900375109633,"ğŸ”´#VeilleINSHEA ğŸ”´ Le bulletin de veille Troubles spÃ©cifiques du #langage et des apprentissages est disponible !
(#dyslexie, #dysorthographie, #dyspraxie, #dyscalculie, #dysphasie) #DYS #TSLA
nÂ°8ï¸âƒ£7ï¸âƒ£ avril 2023
â¡ https://t.co/Sf1du5GNWs https://t.co/935glrFend"
2023-04-17T06:25:45.000Z,1509518016035360772,"#USDCHF ALL targets hit precisely! 185 pips profitğŸ¯

Join our FREE telegram channel. Link in the bio.

#xauusd #eurusd #eurjpy #usdcad #usdjpy #gbpusd #msft #nvda #wmt #btc #bitcoin #forexsignals #usoil #crudeoil #amzn #qqq #goog #tsla #aapl #spy https://t.co/llfD10yNj0"
2023-04-17T06:18:16.000Z,1509458328832950277,"#EURGBP ALL targets hit! 85 pips profitğŸ¯ğŸ¯

Join our FREE telegram channel. Link in the bio.

#xauusd #eurusd #eurjpy #usdcad #usdjpy #gbpusd #tsla #aapl #spy #forextrading #msft #nvda #wmt #nasdaq #dji #spx #eth #nfts #crypto #amzn #qqq #goog https://t.co/JKMPbKOqgc"
2023-04-17T06:17:15.000Z,1320552170752667648,"RT @Gusfrin92486024: ã‚¹ãƒšãƒ¼ã‚¹Xã®ã‚¹ã‚¿ãƒ¼ã‚·ãƒƒãƒ—é£›è¡Œãƒ†ã‚¹ãƒˆã€æœ¬æ—¥20æ™‚ã™ãã‚ˆã‚Šå…¬å¼ãƒ©ã‚¤ãƒ–ä¸­ç¶™é–‹å§‹
https://t.co/6SAxBBcKJh

ã‚¹ãƒšãƒ¼ã‚¹ã‚·ãƒ£ãƒˆãƒ«ã¨æ ¹æœ¬çš„ãªé•ã„ã¯ã‚¹ã‚¿ãƒ¼ã‚·ãƒƒãƒ—ã¯ç«æ˜Ÿã§éƒ½å¸‚ã‚’ä½œã‚‹ã“ã¨ã‚’ç›®çš„ã«è¨­è¨ˆã•ã‚Œã¦ã„ã‚‹ãŸã‚ã€100ãƒˆãƒ³ä»¥ä¸Šã®ç©â€¦"
2023-04-17T06:12:54.000Z,1459257114984165381,"RT @adamtaha_: Get ahead with the weekly market outlook for the week beginning April 17th 2023 
#stockstowatch #earnings #tsla #gs #nflx #sâ€¦"
2023-04-17T06:05:23.000Z,1519565852227514369,"#NZDJPY ALL targets hit! 180 pips profitğŸ¯

Join our FREE telegram channel. Link in the bio.

#xauusd #eurusd #eurjpy #usdcad #usdjpy #gbpusd #forexsignals #usoil #crudeoil #amzn #qqq #goog #tsla #aapl #spy #forextrading https://t.co/KmmCvuQGMx"
2023-04-17T05:57:59.000Z,116173207,"RT @Gusfrin92486024: ã‚¹ãƒšãƒ¼ã‚¹Xã®ã‚¹ã‚¿ãƒ¼ã‚·ãƒƒãƒ—é£›è¡Œãƒ†ã‚¹ãƒˆã€æœ¬æ—¥20æ™‚ã™ãã‚ˆã‚Šå…¬å¼ãƒ©ã‚¤ãƒ–ä¸­ç¶™é–‹å§‹
https://t.co/6SAxBBcKJh

ã‚¹ãƒšãƒ¼ã‚¹ã‚·ãƒ£ãƒˆãƒ«ã¨æ ¹æœ¬çš„ãªé•ã„ã¯ã‚¹ã‚¿ãƒ¼ã‚·ãƒƒãƒ—ã¯ç«æ˜Ÿã§éƒ½å¸‚ã‚’ä½œã‚‹ã“ã¨ã‚’ç›®çš„ã«è¨­è¨ˆã•ã‚Œã¦ã„ã‚‹ãŸã‚ã€100ãƒˆãƒ³ä»¥ä¸Šã®ç©â€¦"
2023-04-17T05:57:57.000Z,1518999192840069121,"#NZDJPY ALL targets hit! 180 pips profitğŸ¯

Join our FREE telegram channel. Link in the bio.

#xauusd #eurusd #eurjpy #usdcad #usdjpy #gbpusd #btc #bitcoin #usoil #crudeoil #amzn #qqq #goog #tsla #aapl #spy #forextrading https://t.co/s3Spf6khys"
2023-04-17T05:52:30.000Z,1519516417371955200,"#GBPCAD ALL targets hit! 275 pips profitğŸ¯âœ…ğŸ”¥

Join our FREE telegram channel. Link in the bio.

#xauusd #eurusd #eurjpy #usdcad #usdjpy #gbpusd #btc #bitcoin #tsla #aapl #spy #forextrading #amzn #qqq #goog #nasdaq #dji #spx https://t.co/gBgmIY1rUT"
2023-04-17T05:52:04.000Z,1357037977692758016,RT @Businesblog5: Tesla Model 3 project breaks record https://t.co/YCvbQhZFsC @Tesla #TSLA https://t.co/KCwHKxAOS1
2023-04-17T05:51:57.000Z,1636961782752509954,"RT @Gusfrin92486024: ã‚¹ãƒšãƒ¼ã‚¹Xã®ã‚¹ã‚¿ãƒ¼ã‚·ãƒƒãƒ—é£›è¡Œãƒ†ã‚¹ãƒˆã€æœ¬æ—¥20æ™‚ã™ãã‚ˆã‚Šå…¬å¼ãƒ©ã‚¤ãƒ–ä¸­ç¶™é–‹å§‹
https://t.co/6SAxBBcKJh

ã‚¹ãƒšãƒ¼ã‚¹ã‚·ãƒ£ãƒˆãƒ«ã¨æ ¹æœ¬çš„ãªé•ã„ã¯ã‚¹ã‚¿ãƒ¼ã‚·ãƒƒãƒ—ã¯ç«æ˜Ÿã§éƒ½å¸‚ã‚’ä½œã‚‹ã“ã¨ã‚’ç›®çš„ã«è¨­è¨ˆã•ã‚Œã¦ã„ã‚‹ãŸã‚ã€100ãƒˆãƒ³ä»¥ä¸Šã®ç©â€¦"
2023-04-17T05:51:54.000Z,1454807039222423554,RT @Businesblog5: Tesla Model 3 project breaks record https://t.co/YCvbQhZFsC @Tesla #TSLA https://t.co/KCwHKxAOS1
2023-04-17T05:51:44.000Z,1532459874990407698,RT @Businesblog5: Tesla Model 3 project breaks record https://t.co/YCvbQhZFsC @Tesla #TSLA https://t.co/KCwHKxAOS1
2023-04-17T05:51:33.000Z,1488878381454221315,RT @Businesblog5: Tesla Model 3 project breaks record https://t.co/YCvbQhZFsC @Tesla #TSLA https://t.co/KCwHKxAOS1
2023-04-17T05:51:22.000Z,1351229750312886275,Tesla Model 3 project breaks record https://t.co/YCvbQhZFsC @Tesla #TSLA https://t.co/KCwHKxAOS1
2023-04-17T05:46:02.000Z,1514197958199287820,"#EURUSD ALL targets hit! 150 pips profitğŸ¯

Join our FREE telegram channel. Link in the bio.

#xauusd #eurjpy #usdcad #usdjpy #gbpusd #amzn #qqq #goog #forexsignals #nasdaq #dji #spx #eth #nfts #crypto #tsla #aapl #spy #msft #nvda #wmt https://t.co/gMTFO6omGi"
2023-04-17T05:42:21.000Z,922347196862697472,"RT @jayzpio: Reading #TSLA ğŸ”‹ğŸš— financial report with @LangChainAI ğŸ¦œâ›“ï¸ @streamlit  and Chatgpt

Fun weekend project, but ğŸ¤¯. Imagine no longerâ€¦"
2023-04-17T05:41:05.000Z,2436739819,"Hahaha this is so funny! I don't think anyone could keep up tweeting about Tesla for 10 years straight, so it's understandable why the guy would be labelled crazy. #tsla https://t.co/VtletlbnIp"
2023-04-17T05:40:14.000Z,141450609,"RT @Gusfrin92486024: ã‚¹ãƒšãƒ¼ã‚¹Xã®ã‚¹ã‚¿ãƒ¼ã‚·ãƒƒãƒ—é£›è¡Œãƒ†ã‚¹ãƒˆã€æœ¬æ—¥20æ™‚ã™ãã‚ˆã‚Šå…¬å¼ãƒ©ã‚¤ãƒ–ä¸­ç¶™é–‹å§‹
https://t.co/6SAxBBcKJh

ã‚¹ãƒšãƒ¼ã‚¹ã‚·ãƒ£ãƒˆãƒ«ã¨æ ¹æœ¬çš„ãªé•ã„ã¯ã‚¹ã‚¿ãƒ¼ã‚·ãƒƒãƒ—ã¯ç«æ˜Ÿã§éƒ½å¸‚ã‚’ä½œã‚‹ã“ã¨ã‚’ç›®çš„ã«è¨­è¨ˆã•ã‚Œã¦ã„ã‚‹ãŸã‚ã€100ãƒˆãƒ³ä»¥ä¸Šã®ç©â€¦"
2023-04-17T05:39:36.000Z,221800544,"#CADCHF ALL targets hit! 70 pips profitâœ…ğŸ¯

Join our FREE telegram channel. Link in the bio.

#xauusd #eurusd #eurjpy #usdcad #usdjpy #gbpusd #tsla #aapl #spy #forextrading #usoil #crudeoil #btc #bitcoin #nasdaq #dji #spx #amzn #qqq #goog https://t.co/pPrm3n2Tkh"
2023-04-17T05:38:45.000Z,920917015874981888,$TSLA #TSLA https://t.co/OqUczYjNfY
2023-04-17T05:36:35.000Z,87226645,Or twitter is a public diary ğŸ“” setting myself up for the tesla mental institution with a history log bc the Internet never forgets lol â€œthis guy tweeted about tesla 69 times per day for 10 years straightâ€ he must be crazy ğŸ˜œ #tsla https://t.co/9uVNUJK4IY
2023-04-17T05:36:06.000Z,87226645,Or twitter is a public diary ğŸ“” setting myself up for the tesla mental institution with a history log bc the Internet never forgets lol â€œthis guy tweeted about tesla 69 times per day for 10 yearsâ€ lol he must be crazy #tsla https://t.co/hqo98TyYfF
2023-04-17T05:33:47.000Z,87226645,Twitter is an interesting place sort of for lonely people w/out anyone that will listen to their crazy ideas discuss passionate &amp; random topics &amp; where opinions are encouraged via community of equally like minded individuals free of judgment ğŸ’¬ #tsla #elonmusk @elonmusk
2023-04-17T05:31:55.000Z,972324551643156480,"#GBPAUD ALL targets hit! 185 pips profitâœ…ğŸ¯

Join our FREE telegram channel. Link in the bio.

#xauusd #eurusd #eurjpy #usdcad #usdjpy #gbpusd #forextrading #eth #nfts #crypto #tsla #aapl #spy #nasdaq #dji #spx #msft #nvda #wmt https://t.co/eWhUMOBzR7"
2023-04-17T05:20:29.000Z,2436739819,"I don't think Grogu is strong enough to save Tesla stock this week, but he may be able to save the Mandalorian! Let's hope Elon Musk can do a better job in the stock market. #tsla #elonmusk @elonmusk #mandalorian https://t.co/CEFCQGH8VX"
2023-04-17T05:18:50.000Z,1630824441478512641,"RT @lastadam: $TSLA #TSLA 4/21 4DTE 68% Probability of Market Maker Move = 171.2-198.8 based on tonight's options premiums @ 93.28% IV. 

gâ€¦"
2023-04-17T05:18:16.000Z,87226645,Look forward to unemployment day 12 tomorrow which I donâ€™t have to do anything and no manager will tell me what to do lol ğŸ˜but my wife can still boss me around ğŸ˜«#tsla https://t.co/Nk4940oWO0
2023-04-17T05:16:53.000Z,87226645,Look forward to unemployment day 12 tomorrow which I donâ€™t have to do anything and no manager will tell me what to do lol ğŸ˜#tsla https://t.co/dEYcyeyArA
2023-04-17T05:15:15.000Z,22126760,"Tesla (#TSLA)
Tesla reduced prices in several European markets, including Germany and France, for all versions of the Model 3, S, and X, as well as the Model Y Performance.

$TSLA will be Releasing its Q1 of 2023 Earnings Report on April 19th.

https://t.co/8vW7fLo53r"
2023-04-17T05:12:50.000Z,1633946866579808258,"RT @SERobinsonJr: My Starship brings all the Teslas to the yard.
Damn right.
It's better than... Anyway, a Tesla thread. 
Watch all of theâ€¦"
2023-04-17T05:12:40.000Z,87226645,"You tweet too much when you start texting people and including hash tags without evening knowing.

â€œWhatâ€™s for dinner momâ€ #meatloaf
â€œTraffic was crazy today good thing I used fsd betaâ€ #fsdbeta
â€œWatched bball today in the teslaâ€ #tsla"
2023-04-17T05:11:02.000Z,2725496807,@cryptomanran #doge for #TSLA earnings AND 4/20
2023-04-17T05:06:29.000Z,87226645,The only thing that can save Tesla stock this week is grogu saving the mandalorian in the season finale #tsla #elonmusk @elonmusk #mandalorian https://t.co/8QT1MSZfJm
2023-04-17T04:59:20.000Z,87226645,The only thing that can save Tesla stock this week is grogu saving the mandalorian in the season finale #tsla #elonmusk @elonmusk https://t.co/1kM36ID48h
2023-04-17T04:56:13.000Z,2769384891,$TSLA #TSLA https://t.co/f4gCutRrs6
2023-04-17T04:55:04.000Z,87226645,"Starship blows up tomorrow and tesla stock goes down 10% lol bc people think there is some connection then Netflix reports earnings Tuesday causes tesla stock to go down 5% Wed, Tesla earnings are good and tesla stock goes up 15% to break even for the week ğŸ¤” #TSLA"
2023-04-17T04:51:21.000Z,1597316115495280640,"Holy shit can u imagine a successful StarShip launch tomorrow AND a #TSLA    earnings beat on the 19th? COME ON !!!!!!!!!ğŸš€ğŸ’¯ğŸš€ğŸ’¯ğŸ‘â¤ï¸ğŸ‘â¤ï¸ğŸ™ğŸ‘€ğŸ‘€ğŸ‘€ğŸ”¥ğŸ”¥ğŸ”¥ğŸ”¥ğŸ”¥ğŸ”¥ğŸ”¥ğŸ”¥ğŸ”¥ğŸ”¥ğŸ”¥ğŸ”¥ğŸš€ğŸš€ğŸš€ğŸš€ğŸš€ğŸš€ğŸš€ğŸš€ğŸš€ğŸš€ğŸš€ğŸš€

#StarshipLaunch #TSLA"
2023-04-17T04:48:03.000Z,1571190406624284673,"RT @mrvuxxx: Soon Iâ€™ll be able to buy $1 of #TSLA @elonmusk ğŸ˜„ maybe $2. 

Team $SOLO #Sologenic #XRPL https://t.co/tU5bYG8JoL"
2023-04-16T23:53:25.000Z,732414113914224640,"RT @just_smaillle: $TSLA 
#TSLA https://t.co/4PI0SdoPc8"
2023-04-16T23:51:00.000Z,3431403897,RT @Businesblog5: Tesla expands discounts https://t.co/nswAD6QVWP #TSLA @Tesla https://t.co/ox5UY1fk2V
2023-04-16T23:50:16.000Z,1214957598073589760,"$TSLA working its way into the top 10 most mentioned on wallstreetbets over the last 7 daysVia https://t.co/gAloIO6Q7s#tsla    #wallstreetbets  #stockmarket https://t.co/laMA8bopsH"
2023-04-16T23:45:35.000Z,995345856361521152,RT @strengthPlan: Turns out health insurance is like $1500 a month when your unemployed lol so I can never retire they trapped you unless tâ€¦
2023-04-16T23:33:32.000Z,2239171160,"ğŸ‡ºğŸ‡¸ğŸ‡ªğŸ‡º#tsla
Tesla: We reduce prices in many European markets"
2023-04-16T23:30:44.000Z,1234183597583740929,"RT @SERobinsonJr: The sheer beauty of a @SpaceX Falcon-9 stage separation at night yet high enough to be in the sun. 

Watch til the end.â€¦"
2023-04-16T23:25:40.000Z,1497364417868038144,"RT @Gusfrin92486024: ãƒ†ã‚¹ãƒ©ã¯ç¤¾ç”¨è»Šã®æ³•äººé¡§å®¢å‘ã‘ã®ã¿ã«ãƒ¢ãƒ‡ãƒ« 3ãƒ­ãƒ³ã‚°ãƒ¬ãƒ³ã‚¸ RWD ã‚’å¾©æ´»ã•ã›ã‚‹ã¾ã™ã€‚

RWDã®WLTPæ¨å®šèˆªç¶šè·é›¢ã¯ 634kmã§ã€AWDã®602kmã‚’ä¸Šå›ã£ã¦ã„ã¾ã™ã€‚
https://t.co/8tzmZmmzVt #TSLA"
2023-04-16T23:12:23.000Z,18240930,"RT @SDLoansFinder: $icnm @eastwin8 $tesla

Here is a translation of an article with CEO Li Lanwei of $Kuora ğŸ‘€ to be featured in the #Chinesâ€¦"
2023-04-16T23:07:47.000Z,617682427,"#options
#OptionsTrading
https://t.co/hU64CQhlZ3
In early morning options action, equity names among the top 10 most actives today include: #TSLA, #AAPL, #NVDA, #AMZN, #AMC, #AMD, #GOOGL
 https://t.co/tbfU6Jy0Ym"
2023-04-16T23:06:36.000Z,237529533,@EmmetPeppers Iâ€™d rather have #TSLA spend on lobbying than advertising. Rules can be written that would equate less safe technologies with more safe technologies. https://t.co/cYmrqYd6ZC
2023-04-16T23:01:19.000Z,1554295753807433729,"#Bitcoinâ€¯â€¯â€¯â€¯#bttcâ€¯â€¯â€¯â€¯#USDTâ€¯â€¯â€¯ #bist100 #stormgain #Binanceâ€¯â€¯â€¯â€¯#krakenâ€¯â€¯#PiNetwork #TSLA #ETH #dogecoin #shibah #paribu #btcturk  #alphanetwork #APECOIN $TSLA #coindesk
 #Gateio #EndTheFed
Fantom coin ğŸš€ğŸ³ https://t.co/89JUkFr5BL"
2023-04-16T22:56:56.000Z,1262088629406425090,"RT @Gusfrin92486024: ã‚¹ãƒšãƒ¼ã‚¹Xã®ã‚¹ã‚¿ãƒ¼ã‚·ãƒƒãƒ—é£›è¡Œãƒ†ã‚¹ãƒˆã€æœ¬æ—¥20æ™‚ã™ãã‚ˆã‚Šå…¬å¼ãƒ©ã‚¤ãƒ–ä¸­ç¶™é–‹å§‹
https://t.co/6SAxBBcKJh

ã‚¹ãƒšãƒ¼ã‚¹ã‚·ãƒ£ãƒˆãƒ«ã¨æ ¹æœ¬çš„ãªé•ã„ã¯ã‚¹ã‚¿ãƒ¼ã‚·ãƒƒãƒ—ã¯ç«æ˜Ÿã§éƒ½å¸‚ã‚’ä½œã‚‹ã“ã¨ã‚’ç›®çš„ã«è¨­è¨ˆã•ã‚Œã¦ã„ã‚‹ãŸã‚ã€100ãƒˆãƒ³ä»¥ä¸Šã®ç©â€¦"
2023-04-16T22:54:18.000Z,87226645,The truth is nobody believes Tesla will solve full autonomy. That gives Tesla an advantage playing the underdog role #TSLA
2023-04-16T22:53:51.000Z,87226645,When you block people on Twitter they don't disappear they are still here. It only means your information is limited which gives you a disadvantage. You want the most information available to make an informed decision/opinion #TSLA @elonmusk
2023-04-16T22:50:41.000Z,87226645,"It makes no sense to buy a vehicle today without semi-autonomous capability that will be updated to full autonomy at any time. Once full autonomy every vehicle w/out it will be like ""my vehicle is crap"" #tsla"
2023-04-16T22:48:44.000Z,25722651,"@ICannot_Enough @garyblack00 @WholeMarsBlog R&amp;D + streamlined product strategy 

#nokia had R&amp;D budget 5x #aapl however they also had 60+ devices and 5 OSs (nightmare for designers &amp; devs to get innovations compared to iPhone 1 &amp; 1). 
i.e. more important than advertising; #tsla needs to stick to fewest # vehicle models"
2023-04-16T22:44:52.000Z,1335806592,"RT @Gusfrin92486024: ã‚¹ãƒšãƒ¼ã‚¹Xã®ã‚¹ã‚¿ãƒ¼ã‚·ãƒƒãƒ—é£›è¡Œãƒ†ã‚¹ãƒˆã€æœ¬æ—¥20æ™‚ã™ãã‚ˆã‚Šå…¬å¼ãƒ©ã‚¤ãƒ–ä¸­ç¶™é–‹å§‹
https://t.co/6SAxBBcKJh

ã‚¹ãƒšãƒ¼ã‚¹ã‚·ãƒ£ãƒˆãƒ«ã¨æ ¹æœ¬çš„ãªé•ã„ã¯ã‚¹ã‚¿ãƒ¼ã‚·ãƒƒãƒ—ã¯ç«æ˜Ÿã§éƒ½å¸‚ã‚’ä½œã‚‹ã“ã¨ã‚’ç›®çš„ã«è¨­è¨ˆã•ã‚Œã¦ã„ã‚‹ãŸã‚ã€100ãƒˆãƒ³ä»¥ä¸Šã®ç©â€¦"
2023-04-16T22:44:23.000Z,994104176086044672,"RT @BESTADVISER3: Ø¬Ø¯ÙˆÙ„ Ø§Ù„ØµÙÙ‚Ø§Øª Ø§Ù„Ø£Ø³Ø¨ÙˆØ¹ÙŠ Ù…Ù† ØªØ§Ø±ÙŠØ® 04-10 Ø§Ù„Ù‰ 04-14 ğŸ‘ğŸ”¥
ÙˆØ§Ù„Ø­Ù…Ø¯Ù„Ù„Ù‡ Ø¹Ù„Ù‰ ØªÙˆÙÙŠÙ‚Ù‡ ğŸ¤²

ÙˆØ§Ù„Ù‚Ø§Ø¯Ù… Ø£Ø¬Ù…Ù„ Ø¨Ø¥Ø°Ù† Ø§Ù„Ù„Ù‡ ğŸŒ¹

#QQQ #SPX #TSLA #Ø§Ù„Ø£Ø³â€¦"
2023-04-16T22:33:01.000Z,1053110829820723200,"RT @Gusfrin92486024: ã‚¹ãƒšãƒ¼ã‚¹Xã®ã‚¹ã‚¿ãƒ¼ã‚·ãƒƒãƒ—é£›è¡Œãƒ†ã‚¹ãƒˆã€æœ¬æ—¥20æ™‚ã™ãã‚ˆã‚Šå…¬å¼ãƒ©ã‚¤ãƒ–ä¸­ç¶™é–‹å§‹
https://t.co/6SAxBBcKJh

ã‚¹ãƒšãƒ¼ã‚¹ã‚·ãƒ£ãƒˆãƒ«ã¨æ ¹æœ¬çš„ãªé•ã„ã¯ã‚¹ã‚¿ãƒ¼ã‚·ãƒƒãƒ—ã¯ç«æ˜Ÿã§éƒ½å¸‚ã‚’ä½œã‚‹ã“ã¨ã‚’ç›®çš„ã«è¨­è¨ˆã•ã‚Œã¦ã„ã‚‹ãŸã‚ã€100ãƒˆãƒ³ä»¥ä¸Šã®ç©â€¦"
2023-04-16T22:32:28.000Z,1627311322676305920,"RT @SERobinsonJr: Cathie gets it! Game changer in coming!
$TSLA #TSLA @elonmusk #ãƒ†ã‚¹ãƒ© @Tesla #Cybertruck https://t.co/riRMh6a6w3"
2023-04-16T22:28:44.000Z,41368368,"RT @Gusfrin92486024: ã‚¹ãƒšãƒ¼ã‚¹Xã®ã‚¹ã‚¿ãƒ¼ã‚·ãƒƒãƒ—é£›è¡Œãƒ†ã‚¹ãƒˆã€æœ¬æ—¥20æ™‚ã™ãã‚ˆã‚Šå…¬å¼ãƒ©ã‚¤ãƒ–ä¸­ç¶™é–‹å§‹
https://t.co/6SAxBBcKJh

ã‚¹ãƒšãƒ¼ã‚¹ã‚·ãƒ£ãƒˆãƒ«ã¨æ ¹æœ¬çš„ãªé•ã„ã¯ã‚¹ã‚¿ãƒ¼ã‚·ãƒƒãƒ—ã¯ç«æ˜Ÿã§éƒ½å¸‚ã‚’ä½œã‚‹ã“ã¨ã‚’ç›®çš„ã«è¨­è¨ˆã•ã‚Œã¦ã„ã‚‹ãŸã‚ã€100ãƒˆãƒ³ä»¥ä¸Šã®ç©â€¦"
2023-04-16T22:26:50.000Z,2239171160,"ğŸ‡ºğŸ‡¸#tsla
Tesla reduces prices for electric cars in Europe, Singapore, and"
2023-04-16T22:26:47.000Z,146057890,"RT @Gusfrin92486024: ã‚¹ãƒšãƒ¼ã‚¹Xã®ã‚¹ã‚¿ãƒ¼ã‚·ãƒƒãƒ—é£›è¡Œãƒ†ã‚¹ãƒˆã€æœ¬æ—¥20æ™‚ã™ãã‚ˆã‚Šå…¬å¼ãƒ©ã‚¤ãƒ–ä¸­ç¶™é–‹å§‹
https://t.co/6SAxBBcKJh

ã‚¹ãƒšãƒ¼ã‚¹ã‚·ãƒ£ãƒˆãƒ«ã¨æ ¹æœ¬çš„ãªé•ã„ã¯ã‚¹ã‚¿ãƒ¼ã‚·ãƒƒãƒ—ã¯ç«æ˜Ÿã§éƒ½å¸‚ã‚’ä½œã‚‹ã“ã¨ã‚’ç›®çš„ã«è¨­è¨ˆã•ã‚Œã¦ã„ã‚‹ãŸã‚ã€100ãƒˆãƒ³ä»¥ä¸Šã®ç©â€¦"
2023-04-16T22:17:57.000Z,2436739819,RT @strengthPlan: Lakers win and tesla wins as well ğŸ† #TSLA https://t.co/x4aiDUlhOZ
2023-04-16T22:17:56.000Z,2436739819,RT @strengthPlan: Videos are quite good in a tesla no buffering or anything just smooth sailing into the sunset â›µï¸ #TSLA
2023-04-16T22:17:23.000Z,2436739819,"It's unfortunate that this outdated mentality still exists, especially when it comes to investing. Tesla has been innovating and leading the industry in so many ways, and it's great to see people open to embracing forward-thinking technologies like FSD beta! #TSLA https://t.co/50NS4IW0tO"
2023-04-16T22:16:28.000Z,1189488369333522433,"ã‚¹ãƒšãƒ¼ã‚¹Xã®ã‚¹ã‚¿ãƒ¼ã‚·ãƒƒãƒ—é£›è¡Œãƒ†ã‚¹ãƒˆã€æœ¬æ—¥20æ™‚ã™ãã‚ˆã‚Šå…¬å¼ãƒ©ã‚¤ãƒ–ä¸­ç¶™é–‹å§‹
https://t.co/6SAxBBcKJh

ã‚¹ãƒšãƒ¼ã‚¹ã‚·ãƒ£ãƒˆãƒ«ã¨æ ¹æœ¬çš„ãªé•ã„ã¯ã‚¹ã‚¿ãƒ¼ã‚·ãƒƒãƒ—ã¯ç«æ˜Ÿã§éƒ½å¸‚ã‚’ä½œã‚‹ã“ã¨ã‚’ç›®çš„ã«è¨­è¨ˆã•ã‚Œã¦ã„ã‚‹ãŸã‚ã€100ãƒˆãƒ³ä»¥ä¸Šã®ç©è¼‰é‡ãŒã‚ã‚Šã¾ã™ã€‚#SpaceX #TSLA https://t.co/r0W091UVRe"
2023-04-16T22:16:28.000Z,1572278968400879617,https://t.co/caEK04wezy #TSLA
2023-04-16T22:03:21.000Z,87226645,"Gas people don't research, hate tech, live in the past, are not open minded, don't invest properly since they didn't buy Tesla stock pre-2020, believe everything they hear in the media, slow adopters to tech, stubborn, loyal to a brand, can't comprehend FSD beta works #TSLA"
2023-04-16T22:00:00.000Z,1287051709739671557,https://t.co/1XZcGQX35f  #NFLX #TSLA #GS #paywall #News
2023-04-16T21:57:57.000Z,87226645,"Typical day:

Wake up pre-heat car
FSD Beta to work rush hour traffic
100 degrees outside, pre-cool car
Go to gym, auto-reverse parking, summon car 
to pick you up from entrance
Watch fav show (Netflix, Disney+, sports) while waiting
Tweet for 1-2 hrs
FSD beta home
#tsla"
2023-04-16T21:51:35.000Z,87226645,Buying a gas car in 2023 is the worst decision a person can make in their entire life setting up for years trapped in an ecosystem of despair when the entire world is changing and experiencing benefits beyond their wildest imagination. Donâ€™t fall behind and get left behind #TSLA https://t.co/iAZbYXzDmc
2023-04-16T21:51:31.000Z,1151487550755880961,"Just in time for #ES_F open, I've just released my Sunday Session analysis, where I take a look at the #SPY/#SPX options market and see what it means for price this week. 

Check it out with a FREE trial, below! ğŸ‘‡

#qqq #dia #vix #PMI #BTC #TSLA #SCHW 

https://t.co/6pZgJZkwUM"
2023-04-16T21:51:09.000Z,87226645,Buying a gas car in 2023 is the worst decision a person can make in their entire life setting up for years trapped in an ecosystem of despair when the entire world is changing and experiences benefits beyond their wildest imagination. Donâ€™t fall behind and get left behind #TSLA https://t.co/017P4eAnBJ
2023-04-16T21:45:46.000Z,1592610820768387073,"RT @SERobinsonJr: The massive scale of GigaBerlin's Phase 2 expansion. ğŸ‘€ 

ğŸ“¹ by @wolfpackberlin 
$TSLA #TSLA @elonmusk #ãƒ†ã‚¹ãƒ© @Tesla https://â€¦"
2023-04-16T21:45:02.000Z,2239171160,"?ğŸ‡¸#tsla
Tesla reduces prices for Model 3 in Germany"
2023-04-16T21:44:42.000Z,87226645,Videos are quite good in a tesla no buffering or anything just smooth sailing into the sunset â›µï¸ #TSLA
2023-04-16T21:44:34.000Z,1398531184745795586,"RT @SERobinsonJr: Cathie gets it! Game changer in coming!
$TSLA #TSLA @elonmusk #ãƒ†ã‚¹ãƒ© @Tesla #Cybertruck https://t.co/riRMh6a6w3"
2023-04-16T21:41:54.000Z,87226645,Lakers win and tesla wins as well ğŸ† #TSLA https://t.co/x4aiDUlhOZ
2023-04-16T21:41:53.000Z,1592645568,RT @strengthPlan: This is the FSD video the media doesnâ€™t want us to see. They donâ€™t want us to know it works #TSLA @elonmusk https://t.co/â€¦
2023-04-16T21:39:01.000Z,1600568699093766145,"RT @SERobinsonJr: The massive scale of GigaBerlin's Phase 2 expansion. ğŸ‘€ 

ğŸ“¹ by @wolfpackberlin 
$TSLA #TSLA @elonmusk #ãƒ†ã‚¹ãƒ© @Tesla https://â€¦"
2023-04-16T21:38:36.000Z,1592610820768387073,"RT @SERobinsonJr: Cathie gets it! Game changer in coming!
$TSLA #TSLA @elonmusk #ãƒ†ã‚¹ãƒ© @Tesla #Cybertruck https://t.co/riRMh6a6w3"
2023-04-16T21:37:05.000Z,2436739819,"""Yes, it's true - driving a Tesla can be both a privilege and a right. With its 0-60 acceleration time of 3 seconds and its fully autonomous driving capabilities, Tesla really sets the bar for performance and technological advancements. #TSLA"" https://t.co/1kQAq4Tvmq"
2023-04-16T21:36:47.000Z,2436739819,"It's great to see how far #EVs have come! From gas to electric, it's fascinating to see how Tesla has pioneered such a revolutionary transition. It's no wonder why people are so committed to the brand - they truly understand the power that comes with owning an EV. #TSLA https://t.co/bbu0tEy1Ux"
2023-04-16T21:36:29.000Z,2436739819,I love this idea - keeping your Tesla clean is an essential part of maintaining it and looks great too! #tsla https://t.co/zK3Y1e6bGY
2023-04-16T21:36:27.000Z,2436739819,RT @strengthPlan: Watching the lakers game in the tesla you can do anything in a tesla these days #TSLA https://t.co/KGVll4QzSL
2023-04-16T21:34:34.000Z,2239171160,"ğŸ‡ºğŸ‡¸ğŸ‡¨ğŸ‡³#TSLA #china
Tesla creates new energy firm New Energy Co Ltd in Shanghai"
2023-04-16T21:31:49.000Z,1579930259767582747,@elonmusk #TSLA future HQ Factory Launchpad distro center combo just one big complex https://t.co/ro4n5z5H8s
2023-04-16T21:31:41.000Z,1586245972883038208,RT @strengthPlan: This is the FSD video the media doesnâ€™t want us to see. They donâ€™t want us to know it works #TSLA @elonmusk https://t.co/â€¦
2023-04-16T21:25:57.000Z,1589658490749845505,RT @strengthPlan: Watching the lakers game in the tesla you can do anything in a tesla these days #TSLA https://t.co/KGVll4QzSL
2023-04-16T21:25:27.000Z,1400316760163639296,"RT @RealBrunoBTC: @TuckerCarlson Nice, will watch! Just finished watching your interview with the great Nayib #Bukele

Also, BUY $XAI #XAI_â€¦"
2023-04-16T21:25:23.000Z,1400316760163639296,"@TuckerCarlson Nice, will watch! Just finished watching your interview with the great Nayib #Bukele

Also, BUY $XAI #XAI_CORP #XAi #XAIETH #Xaicorp #XAITOKEN

WHERE DREAMS COME TRUE!
#Bitcoin #Crypto #Ethereum #DOGE #ETH #Trending #TSUKA #Shiba #AAPL #MSFT #AMZN #GOOGL #FB #TSLA #SPY #OPTIMUS https://t.co/7qbjQJDeaf"
2023-04-16T21:24:57.000Z,87226645,Watching the lakers game in the tesla you can do anything in a tesla these days #TSLA https://t.co/KGVll4QzSL
2023-04-16T21:23:46.000Z,893305069059403776,Tesla..What Can You Say!! #tesla #tsla #stock #stockmarket #options #money #cars #tech #technology https://t.co/Km8SUK039D
2023-04-16T21:19:34.000Z,1512385597909999616,"âš ï¸ #earnings semana 17-4
ğŸ”µ#nflx ğŸ”µ#tsla ğŸ”µ#bac ğŸ”µ#ms ğŸ”µ#gs ğŸ”µ#ibm ,, entre otras. @eWhispers https://t.co/38tlw4xV3b"
2023-04-16T21:19:25.000Z,1589658490749845505,"RT @strengthPlan: Gas = know English only
Transition from gas to electric = bilingual 

Knowing multiple languages has a distinct advantageâ€¦"
2023-04-16T21:19:10.000Z,87226645,Best way to start the week is washing your tesla to keep it pristine and ready to tackle any challenges in the week #tsla https://t.co/dRW3SHwivv
2023-04-16T21:12:50.000Z,87226645,"Gas = know English only
Transition from gas to electric = bilingual 

Knowing multiple languages has a distinct advantage in life. Gas people arenâ€™t smarter bc they only know 1 language in life while EV already know how a gas car works and choose to learn another one #TSLA"
2023-04-16T21:11:08.000Z,1647709169066098691,RT @cb_doge: My entire net worth is in hands of this man @elonmusk #TSLA https://t.co/64YL1EYimi
2023-04-16T21:10:38.000Z,87226645,If you donâ€™t have a tesla you wouldnâ€™t understand how an EV works. We went from gas to electric we have a great idea. People are still stuck in gas land #TSLA
2023-04-16T20:54:30.000Z,1550827295811706882,"RT @adamtaha_: Get ahead with the weekly market outlook for the week beginning April 17th 2023 
#stockstowatch #earnings #tsla #gs #nflx #sâ€¦"
2023-04-16T20:47:12.000Z,617682427,"RT @RandyAFrederick: #options
#OptionsTrading
https://t.co/wyfH3UuLP0
In early morning options action, equity names among the top 10 most aâ€¦"
2023-04-16T20:47:06.000Z,617682427,"RT @RandyAFrederick: #options
#OptionsTrading
https://t.co/wyfH3UuLP0
In early morning options action, equity names among the top 10 most aâ€¦"
2023-04-16T20:47:04.000Z,617682427,"RT @RandyAFrederick: #options
#OptionsTrading
https://t.co/wyfH3UudZs
In early morning options action, equity names among the top 10 most aâ€¦"
2023-04-16T20:47:01.000Z,617682427,"RT @RandyAFrederick: #options
#OptionsTrading
https://t.co/wyfH3UuLP0
In early morning options action, equity names among the top 10 most aâ€¦"
2023-04-16T20:46:09.000Z,617682427,"RT @RandyAFrederick: #options
#OptionsTrading
https://t.co/wyfH3UuLP0
In early morning options action, equity names among the top 10 most aâ€¦"
2023-04-16T20:46:06.000Z,617682427,"RT @RandyAFrederick: #options
#OptionsTrading
https://t.co/wyfH3UudZs
In early morning options action, equity names among the top 10 most aâ€¦"
2023-04-16T20:46:00.000Z,617682427,"RT @RandyAFrederick: #options
#OptionsTrading
https://t.co/wyfH3UuLP0
In early morning options action, equity names among the top 10 most aâ€¦"
2023-04-16T20:45:52.000Z,617682427,"RT @RandyAFrederick: #options
#OptionsTrading
https://t.co/wyfH3UuLP0
In early morning options action, equity names among the top 10 most aâ€¦"
2023-04-16T20:44:50.000Z,1290048041995493378,"RT @SDLoansFinder: $icnm @eastwin8 $tesla

Here is a translation of an article with CEO Li Lanwei of $Kuora ğŸ‘€ to be featured in the #Chinesâ€¦"
2023-04-16T20:42:40.000Z,87226645,Tesla you can show off bc you have a tesla. When you get a tesla that is your right and privilege to drive 0-60 in 3 seconds or never drive again with full self driving. Nobody can stop you from not driving #TSLA
2023-04-16T20:40:16.000Z,617682427,"RT @RandyAFrederick: #options
#OptionsTrading
https://t.co/wyfH3UudZs
In early morning options action, equity names among the top 10 most aâ€¦"
2023-04-16T20:40:05.000Z,617682427,"RT @RandyAFrederick: #options
#OptionsTrading
https://t.co/wyfH3UuLP0
In early morning options action, equity names among the top 10 most aâ€¦"
2023-04-16T20:39:49.000Z,617682427,"RT @RandyAFrederick: #options
#OptionsTrading
https://t.co/wyfH3UuLP0
In early morning options action, equity names among the top 10 most aâ€¦"
2023-04-16T20:39:40.000Z,617682427,"RT @RandyAFrederick: #options
#OptionsTrading
https://t.co/wyfH3UudZs
In early morning options action, equity names among the top 10 most aâ€¦"
2023-04-16T20:39:25.000Z,617682427,"RT @RandyAFrederick: #options
#OptionsTrading
https://t.co/wyfH3UuLP0
In early morning options action, equity names among the top 10 most aâ€¦"
2023-04-16T20:39:21.000Z,617682427,"RT @RandyAFrederick: #options
#OptionsTrading
https://t.co/wyfH3UuLP0
In early morning options action, equity names among the top 10 most aâ€¦"
2023-04-16T20:39:12.000Z,617682427,"RT @RandyAFrederick: #options
#OptionsTrading
https://t.co/wyfH3UuLP0
In early morning options action, equity names among the top 10 most aâ€¦"
2023-04-16T20:38:58.000Z,617682427,"RT @RandyAFrederick: #options
#OptionsTrading
https://t.co/wyfH3UuLP0
In early morning options action, equity names among the top 10 most aâ€¦"
2023-04-16T20:31:02.000Z,1499541636904325123,"Martes 18/04:

Interactive Brokers Group Inc (#IBKR)
Carvana Co (#CVNA)
Goldman Sachs Group Inc (#GS)
Netflix Inc (#NFLX)
Tesla Inc (#TSLA)
Johnson &amp; Johnson (#JNJ)

MiÃ©rcoles 19/04:

American Airlines Group Inc (#AAL)
AT&amp;T Inc (#T)
Abbott Laboratories (#ABT)

Sigue --&gt;"
2023-04-16T20:30:18.000Z,780476239001882624,"RT @strengthPlan: Just bc Tesla is different than every other company media makes fun of them. They said Tesla could not sell online, theyâ€¦"
2023-04-16T20:27:14.000Z,1348005875101954050,Who is excited about Wednesday's #TSLA Q1'23 call?
2023-04-16T20:27:10.000Z,954738059601330176,"RT @ajoenamedjoe: $TSLA bearish under 176, ER this Wednesday - #TSLA chart on @TradingView https://t.co/GraKbx8rha"
2023-04-16T20:20:52.000Z,1482592155663273985,"RT @adamtaha_: Get ahead with the weekly market outlook for the week beginning April 17th 2023 
#stockstowatch #earnings #tsla #gs #nflx #sâ€¦"
2023-04-16T20:19:59.000Z,1606423013959901185,@Marco_408_ @Investingcom I hope #TSLA or #Rivian makes it because $MULN over the last 5 years ğŸ˜” https://t.co/ZpQW5WC3VO
2023-04-16T19:58:55.000Z,293670044,"$TSLA bearish under 176, ER this Wednesday - #TSLA chart on @TradingView https://t.co/GraKbx8rha"
2023-04-16T19:49:00.000Z,1540368511641554944,#TSLA ÙÙŠ Ù…ÙØªØ±Ù‚ Ø·Ø±Ù‚ Ù„Ø¯ÙŠÙ‡ Ø§Ø¹Ù„Ø§Ù† ÙÙŠ 19ğ˜¼ğ™‹ğ™ğ™„ğ™‡ ÙˆÙ…Ù† ÙˆØ§Ù‚Ø¹ Ø§Ù„Ø´Ø§Ø±Øª Ø§Ù„Ø´Ù‡Ø±ÙŠ ÙØ£Ù† Ø§Ù„Ø§ØºÙ„Ø§Ù‚ Ø§Ù„Ø´Ù‡Ø±ÙŠ ÙÙˆÙ‚ Ù…Ø³ØªÙˆÙ‰ 194.96 ÙŠØ³ØªÙ‡Ø¯Ù 211-280 Ø¨ÙŠÙ†Ù…Ø§ Ø§Ù„Ø§ØºÙ„Ø§Ù‚ Ø§Ù„Ø´Ù‡Ø±ÙŠ Ø§Ø³ÙÙ„ Ù…Ø³ØªÙˆÙ‰ 185.31 ÙŠØ³ØªÙ‡Ø¯Ù 144.50 ÙˆØ§Ù„Ù„Ù‡ Ø§Ø¹Ù„Ù‰ ÙˆØ§Ø¹Ù„Ù… ğŸŒ¹
2023-04-16T19:45:54.000Z,1066823499271102470,"RT @SDLoansFinder: $icnm @eastwin8 $tesla

Here is a translation of an article with CEO Li Lanwei of $Kuora ğŸ‘€ to be featured in the #Chinesâ€¦"
2023-04-16T19:44:44.000Z,1411758512,"RT @SDLoansFinder: $icnm @eastwin8 $tesla

Here is a translation of an article with CEO Li Lanwei of $Kuora ğŸ‘€ to be featured in the #Chinesâ€¦"
2023-04-16T19:42:19.000Z,1364853976752132099,"RT @adamtaha_: Get ahead with the weekly market outlook for the week beginning April 17th 2023 
#stockstowatch #earnings #tsla #gs #nflx #sâ€¦"
2023-04-16T19:41:47.000Z,1632248199371997184,Flashback101: @Kneelow whatâ€™s your opinion on $TSLA beating $ER? #TSLA #ER
2023-04-16T19:38:03.000Z,1496423143107354628,"@engineers_feed @elonmusk ğŸ’¡ 
Ensuring the bunker has WiFi
Panning to be on Mars
Building radiation shields for #TSLA Cybertrucks
Go full Ironman &amp; build a suit to withstand a nuclear blast
Working on a new company called ""SpaceX-nuclearâ€

However, he also hopes that a nuclear war doesn't occur https://t.co/GflSDCaEq7"
2023-04-16T19:35:04.000Z,1579930259767582747,"#Tesla2024 #Tesla2025 new designs just leaked,  i am going to order mine TODAY!!! #TSLA #ElonMusk #CyberTruck â˜ï¸ https://t.co/bwdpOLrIts"
2023-04-16T19:33:34.000Z,1917314618,Common @elonmusk #tsla #cannabis https://t.co/25cCXzwpxS
2023-04-16T19:28:27.000Z,1428456449806675982,"RT @adamtaha_: Get ahead with the weekly market outlook for the week beginning April 17th 2023 
#stockstowatch #earnings #tsla #gs #nflx #sâ€¦"
2023-04-16T19:27:42.000Z,1366024409358733314,"Get ahead with the weekly market outlook for the week beginning April 17th 2023 
#stockstowatch #earnings #tsla #gs #nflx #schw #bac #lrcx https://t.co/l7pEsPToqM"
2023-04-16T19:25:31.000Z,1620114355395125253,"RT @HappyJesse: Model X has the amazing scenic views 

No other vehicle ğŸš— I know can do this for you 

All this while driving you with FSDâ€¦"
2023-04-16T19:11:55.000Z,1638635581755338754,RT @strengthPlan: This is the FSD video the media doesnâ€™t want us to see. They donâ€™t want us to know it works #TSLA @elonmusk https://t.co/â€¦
2023-04-16T19:00:15.000Z,1501990523988553729,"RT @SfKyra: #tsla short confirmed, they canâ€™t hide oversupply using dealership parking lots as a storage ğŸ˜ https://t.co/GdmHBLOAkH"
2023-04-16T18:58:58.000Z,1128037495864745984,"free alpha:
this is a really good visualization tool for VPA
#Bitcoin #TSLA #ETH 
https://t.co/oqW2VQlnZW"
